{
    "fieldSets": [
        {
            "fields": [
                {
                    "name": "linkLibreria",
                    "label": "Enlace de la Librería",
                    "type": "text",
                    "defaultValue": "https://cdnjs.cloudflare.com/ajax/libs/font-awesome/6.0.0-beta3/css/all.min.css"
                },
                {
                    "name": "imagenLogo",
                    "label": "Imagen del Logo",
                    "type": "text",
                    "defaultValue": "http://localhost:8080/documents/20121/0/img.png/ca795c8c-0fda-97ae-0e9b-586a10afd035?t=1724973366411"
                }
            ]
        }
    ]
}